{
  "NTProvider": {
    "types": {
      "/FMSInfo": "FMSInfo",
      "/SmartDashboard/Field": "Field2d"
    }
  },
  "NetworkTables": {
    "transitory": {
      "Shuffleboard": {
        ".metadata": {
          "open": true
        },
        "open": true
      },
      "SmartDashboard": {
        "open": true
      }
    }
  },
  "NetworkTables Info": {
    "visible": true
  },
  "Plot": {
    "Plot <0>": {
      "plots": [
        {
          "axis": [
            {
              "max": 50.0,
              "min": -50.0
            }
          ],
          "backgroundColor": [
            0.0,
            0.0,
            0.0,
            0.8500000238418579
          ],
          "height": 0,
          "series": [
            {
              "color": [
                0.2980392277240753,
                0.44705885648727417,
                0.6901960968971252,
                1.0
              ],
              "id": "NT:/SmartDashboard/Arm Actual Angle"
            }
          ]
        }
      ]
    },
    "Plot <1>": {
      "plots": [
        {
          "axis": [
            {
              "max": 180.0,
              "min": -180.0
            }
          ],
          "backgroundColor": [
            0.0,
            0.0,
            0.0,
            0.8500000238418579
          ],
          "height": 0,
          "series": [
            {
              "color": [
                0.2980392277240753,
                0.44705885648727417,
                0.6901960968971252,
                1.0
              ],
              "id": "NT:/SmartDashboard/Arm Actual Angle"
            }
          ]
        }
      ]
    },
    "Plot <2>": {
      "plots": [
        {
          "axis": [
            {
              "max": 100.0,
              "min": -100.0
            }
          ],
          "backgroundColor": [
            0.0,
            0.0,
            0.0,
            0.8500000238418579
          ],
          "height": 338,
          "series": [
            {
              "color": [
                0.2980392277240753,
                0.44705885648727417,
                0.6901960968971252,
                1.0
              ],
              "id": "NT:/SmartDashboard/ELEVATOR_setpoint"
            },
            {
              "color": [
                0.8666667342185974,
                0.5176470875740051,
                0.32156863808631897,
                1.0
              ],
              "id": "NT:/SmartDashboard/ELEVATOR_ENC_ABS"
            },
            {
              "color": [
                0.3333333432674408,
                0.658823549747467,
                0.4078431725502014,
                1.0
              ],
              "id": "NT:/SmartDashboard/elevatorGoal_POS"
            }
          ]
        }
      ]
    }
  }
}
